"name","description","uploaded_pretty","uploaded","data_id","course_id","game_style_name","game_style","theme_name","theme","difficulty_name","difficulty","tags_name_1","tags_name_2","tag1","tag2","world_record_pretty","world_record","upload_time_pretty","upload_time","num_comments","clear_condition","clear_condition_magnitude","clears","attempts","clear_rate_pretty","clear_rate","plays","versus_matches","coop_matches","likes","boos","unique_players_and_versus","weekly_likes","weekly_plays"
"♪","","1-8-2024 0:47:46",1722473266,51575918,"PDYC6K2SF","SM3DW",4,"Airship",3,"Easy",0,"Standard"," Technical",1,11,"00:20.238",20238,"00:27.979",27979,0,0,0,7,26,"26.92%",26.9230769230769,12,0,0,2,0,9,NA,NA
"3d world underground","little bit of twisted trolling","4-9-2023 17:36:22",1693848982,46640978,"02VSLLLQG","SM3DW",4,"Underground",1,"Easy",0,"Speedrun"," Art",3,10,"00:09.901",9901,"00:13.275",13275,1,2111528319,0,13,17,"76.47%",76.4705882352941,14,0,0,1,0,14,NA,NA
"意味が分かると簡単なコース","意味が分かると簡単です。","25-10-2023 10:10:09",1698228609,47377105,"YSLBV8KPG","NSMBU",3,"Forest",9,"Easy",0,"Puzzle solving"," Technical",2,11,"00:12.101",12101,"00:27.960",27960,1,0,0,49,49,"100.00%",100,49,1,3,8,1,48,NA,NA
"... no words","... I have a feeling that one part of you wants to but one part does not.","1-7-2019 14:21:23",1561990883,3849431,"R432GXNVG","SM3DW",4,"Overworld",0,"Easy",0,"Speedrun"," Short and sweet",3,6,"00:05.747",5747,"00:13.376",13376,4,0,0,306,317,"96.53%",96.5299684542587,307,5,0,30,5,270,NA,NA
"old mario","you are vs DK.","29-5-2024 17:58:12",1717005492,50682181,"86RDNW9DG","SMB1",0,"Overworld",0,"Easy",0,"None"," None",0,0,"00:21.573",21573,"00:39.340",39340,0,0,0,33,73,"45.21%",45.2054794520548,36,0,0,5,0,32,NA,NA
"タイトルのやつ(じどうコースです。)","自動コースです。(楽しんでもらえるとこうえいです。)","15-7-2019 2:37:38",1563158258,5690505,"YB100WGHG","SM3DW",4,"Overworld",0,"Easy",0,"Auto mario"," Themed",5,8,"00:24.533",24533,"00:25.266",25266,7,3730243509,0,132,274,"48.18%",48.1751824817518,155,1,5,15,2,143,NA,NA
"Super Mario Adventure 3-1","Bob-Ombs","30-7-2023 8:54:34",1690707274,45912065,"9KK5GJH9G","SM3DW",4,"Overworld",0,"Easy",0,"Standard"," Single player",1,14,"00:31.806",31806,"01:09.583",69583,1,0,0,27,51,"52.94%",52.9411764705882,34,0,2,3,1,35,NA,NA
"la casa di yoshi invernale","P:39,55%","28-5-2022 18:45:20",1653763520,38145631,"2MQTB5JDF","NSMBU",3,"Snow",6,"Easy",0,"None"," None",0,0,"00:22.001",22001,"00:52.817",52817,1,0,0,13,21,"61.90%",61.9047619047619,15,0,0,1,0,12,NA,NA
"†最""期""の生活………†　†finale life………†　　　","………………………………………………………………………………………………………………………………………………………………………………………………………","28-11-2023 7:23:16",1701156196,47859300,"YLCSLGMJF","NSMBU",3,"Underground",1,"Easy",0,"Themed"," Art",8,10,"00:28.149",28149,"01:04.799",64799,2,0,0,51,57,"89.47%",89.4736842105263,55,37,0,12,4,88,NA,NA
"Jungle Adventure","I hope you like it :)","3-8-2019 19:51:22",1564861882,7580660,"C4P1JPTXF","NSMBU",3,"Forest",9,"Easy",0,"Standard"," Themed",1,8,"00:28.021",28021,"01:08.003",68003,0,0,0,81,243,"33.33%",33.3333333333333,106,4,4,9,1,108,NA,NA
"ジェリクルキャッツ「CATS」","キャッツを知ってますか？劇団四季や映画にもなっている名作です今回はキャッツの舞台のゴミ捨て場を再現したコース、クリアすれば、ジェリクルキャッツに！？","7-11-2022 5:58:52",1667800732,40999684,"FP9H83BCG","SM3DW",4,"Underground",1,"Easy",0,"Themed"," Music",8,9,"00:04.349",4349,"00:07.966",7966,0,2111528319,0,13,18,"72.22%",72.2222222222222,13,0,0,1,1,13,NA,NA
"HAPPY NEW YEAR!","IT'S 2024!","1-1-2024 0:42:00",1704069720,48382212,"B0MV0SCCG","SM3DW",4,"Overworld",0,"Easy",0,"Standard"," Short and sweet",1,6,"00:09.523",9523,"00:46.340",46340,1,4116396131,37,49,53,"92.45%",92.4528301886792,50,2,0,7,0,46,NA,NA
"rainbows","","21-1-2023 17:45:00",1674323100,42238520,"GKC7LK12G","SMW",2,"Sky",8,"Easy",0,"None"," None",0,0,"00:36.383",36383,"00:53.333",53333,0,4116396131,150,19,35,"54.29%",54.2857142857143,24,0,3,2,0,26,NA,NA
"4-2 Bullet Bill Race","Don't stop!","11-7-2024 4:43:25",1720673005,51237929,"LP04H2PNF","SMB1",0,"Sky",8,"Easy",0,"Autoscroll"," Technical",4,11,"00:56.421",56421,"00:56.273",56273,0,0,0,6,31,"19.35%",19.3548387096774,15,0,0,2,0,14,NA,NA
"クッパ城のカラクリ","今まで作ってきたバージョンのクッパ城のからくりです！","7-2-2021 0:25:08",1612657508,27507327,"6X3WW0H7G","SMW",2,"Castle",2,"Easy",0,"Standard"," Single player",1,14,"00:35.916",35916,"01:01.537",61537,0,0,0,57,65,"87.69%",87.6923076923077,58,0,0,4,0,56,NA,NA
"Another nice level :D","Hi! I hope you enjoy this level because it took me a sixth of a day to make","25-9-2022 10:33:03",1664101983,40407628,"LJMDWVXKG","SM3DW",4,"Sky",8,"Easy",0,"Themed"," Art",8,10,"00:28.599",28599,"01:04.128",64128,0,3437308486,50,23,26,"88.46%",88.4615384615385,23,0,2,1,1,23,NA,NA
"Goomba Test Room","Defeat Goombas in increasingly ingenious ways!","23-1-2024 18:31:35",1706034695,48810249,"DC0NCRKHG","SMB3",1,"Overworld",0,"Easy",0,"Puzzle solving"," Themed",2,8,"01:33.190",93190,"02:30.667",150667,2,2131209407,37,13,16,"81.25%",81.25,20,0,3,3,2,20,NA,NA
"zxzxzxzxzxzxzxzxzxzxzxzxzxzxcvbf","あの手の？！！！！！！！！！！！！！！！！！！","8-7-2023 5:07:09",1688792829,45455746,"W6WTRTX9G","NSMBU",3,"Underground",1,"Easy",0,"Multiplayer versus"," Themed",7,8,"00:09.853",9853,"00:30.345",30345,0,4209535561,0,4,5,"80.00%",80,4,0,0,0,0,4,NA,NA
"1234",".","16-5-2021 6:56:42",1621148202,30281077,"SL8QFD60G","SMW",2,"Snow",6,"Easy",0,"Single player"," Single player",14,14,"00:06.783",6783,"00:16.466",16466,5,0,0,151,187,"80.75%",80.7486631016043,168,0,1,25,1,140,NA,NA
"super mario 3d word mundo 3-3","as llegado","24-11-2023 5:39:54",1700804394,47787120,"WYC9V01VF","SM3DW",4,"Desert",7,"Easy",0,"Standard"," Technical",1,11,"00:10.816",10816,"00:45.871",45871,0,0,0,16,28,"57.14%",57.1428571428571,18,0,0,2,0,15,NA,NA
"wevggvbf","221","13-2-2021 17:18:35",1613236715,27716086,"LQPKNVJ0G","SM3DW",4,"Castle",2,"Easy",0,"Puzzle solving"," Shooter",2,12,"00:20.162",20162,"00:29.511",29511,0,0,0,35,82,"42.68%",42.6829268292683,48,0,0,3,1,47,NA,NA
"キング・オブ・雑魚　クリボーを詳しく解説","クリボーを概要と違う姿を詳しく解説します！　(これはWikipediaとピクシブ百科事典を元に作りました。)コ メント表示はON！","11-8-2023 14:04:20",1691762660,46177105,"NVFNWYGPG","NSMBU",3,"Overworld",0,"Easy",0,"Autoscroll"," Single player",4,14,"01:44.589",104589,"01:44.177",104177,32,0,0,41,56,"73.21%",73.2142857142857,51,0,9,12,2,60,NA,NA
"とどけ！！2","どこかにワープボックスがあるよ！","26-7-2023 6:59:08",1690354748,45820058,"7QN79Q3YG","SM3DW",4,"Sky",8,"Easy",0,"Multiplayer versus"," Single player",7,14,"00:07.616",7616,"00:05.316",5316,0,0,0,3,7,"42.86%",42.8571428571429,4,0,0,0,0,3,NA,NA
"スペシャルアクション・スーパースターダッシュ2!!!","僕が過去に作った「スペシャルアクション・スーパースターダッシュ!!!」というコースがとても人気だったので、2作目を作りました。","1-1-2024 1:09:39",1704071379,48382856,"N5CLD2JGG","SM3DW",4,"Sky",8,"Easy",0,"Speedrun"," Short and sweet",3,6,"00:18.760",18760,"00:30.023",30023,2,3342591980,0,36,53,"67.92%",67.9245283018868,37,0,0,6,0,30,NA,NA
"[★絶★対★快★感★] 　～ノコノコ編～","日頃のストレスをこのステージで、吹き飛ばしましょう!!ww　　　いろいろな方法でノコノコを倒したら面白い!!","8-2-2021 11:05:05",1612782305,27561493,"JT1VD2TSG","NSMBU",3,"Underground",1,"Easy",0,"Short and sweet"," Themed",6,8,"00:04.149",4149,"00:18.585",18585,8,0,0,182,290,"62.76%",62.7586206896552,202,4,3,25,4,184,NA,NA
"Forgiven","Father, forgive them; for they know not what they do.","25-4-2021 4:55:35",1619326535,29764968,"69B3K2LMF","SMB1",0,"Desert",7,"Easy",0,"Themed"," Art",8,10,"00:01.401",1401,"00:02.291",2291,38,0,0,352,386,"91.19%",91.1917098445596,367,4,9,76,14,299,NA,NA
"cuphead: tutorial","","8-7-2024 1:59:11",1720403951,51198758,"4J7TBBCLF","NSMBU",3,"Sky",8,"Easy",0,"None"," None",0,0,"00:10.015",10015,"01:27.108",87108,0,0,0,3,3,"100.00%",100,3,0,0,0,0,2,NA,NA
"キモチイ","","17-8-2022 8:34:02",1660725242,39739315,"HFN3N0MXF","SM3DW",4,"Underground",1,"Easy",0,"Shooter"," Single player",12,14,"00:08.178",8178,"00:10.274",10274,0,0,0,35,54,"64.81%",64.8148148148148,39,0,0,4,1,37,NA,NA
"The vine's the limit","Hang onto the vine as long as you can.","7-4-2023 20:13:26",1680898406,43625572,"PQ45WGKJF","SMW",2,"Overworld",0,"Easy",0,"Short and sweet"," Single player",6,14,"00:25.116",25116,"00:27.746",27746,2,0,0,32,71,"45.07%",45.0704225352113,37,0,0,3,0,37,NA,NA
"trust me or defeat 43","","31-8-2023 19:34:49",1693510489,46568166,"2TC5YD0LF","SM3DW",4,"Sky",8,"Easy",0,"Standard"," Multiplayer versus",1,7,"00:33.261",33261,"00:49.228",49228,0,0,0,14,46,"30.43%",30.4347826086957,20,0,0,2,0,20,NA,NA
"ゆきだま","アイテムとてきが、こうしたけどそれを見て、また来てくれました、こうした","15-8-2023 12:07:28",1692101248,46261148,"4BWCD050H","NSMBU",3,"Snow",6,"Easy",0,"Standard"," Single player",1,14,"00:05.194",5194,"00:52.723",52723,0,0,0,44,46,"95.65%",95.6521739130435,60,0,0,4,0,44,NA,NA
"super  mario  Odyssey","2017","18-7-2024 0:07:51",1721261271,51339177,"GR0PXSSNF","NSMBU",3,"Airship",3,"Easy",0,"Auto mario"," Single player",5,14,"00:06.638",6638,"00:14.052",14052,0,0,0,7,11,"63.64%",63.6363636363636,10,0,0,0,0,7,NA,NA
"Super mario bros  livello 1","  fatto da  MORTICX_1233","3-1-2020 14:28:12",1578061692,13265438,"VHSR8562H","SMB1",0,"Overworld",0,"Easy",0,"Standard"," Short and sweet",1,6,"00:09.216",9216,"00:21.300",21300,0,0,0,139,256,"54.30%",54.296875,170,5,1,21,3,167,NA,NA
"bhtrfghh","yoshi was left dancing for eternety weyting for mario to return but he...","5-3-2020 21:20:46",1583443246,15252777,"V62DMXFNF","NSMBU",3,"Overworld",0,"Easy",0,"Speedrun"," Short and sweet",3,6,"00:05.313",5313,"00:07.610",7610,1,0,0,125,136,"91.91%",91.9117647058823,127,5,0,13,0,130,NA,NA
"バネバネ","","2-3-2023 11:14:03",1677755643,42912035,"08SNT21JF","NSMBU",3,"Overworld",0,"Easy",0,"Standard"," Speedrun",1,3,"00:01.100",1100,"00:07.878",7878,2,0,0,45,90,"50.00%",50,57,0,0,6,2,51,NA,NA
"「わわ","「","17-5-2020 2:30:34",1589682634,19371224,"8YW217BWG","SM3DW",4,"Underground",1,"Easy",0,"Standard"," Multiplayer versus",1,7,"00:06.480",6480,"00:09.642",9642,4,0,0,160,166,"96.39%",96.3855421686747,176,5,0,26,8,146,NA,NA
"weefv","kingBoss","9-5-2020 13:51:19",1589032279,18898399,"BG72V17DF","SMW",2,"Castle",2,"Easy",0,"Music"," Art",9,10,"00:22.457",22457,"00:36.204",36204,0,1431944825,1,29,60,"48.33%",48.3333333333333,41,0,1,3,2,33,NA,NA
"포 비","","18-3-2023 11:00:33",1679137233,43169912,"C5NXFKX1G","SM3DW",4,"Desert",7,"Easy",0,"Music"," Music",9,9,"00:08.049",8049,"00:12.975",12975,0,0,0,19,21,"90.48%",90.4761904761905,21,0,0,2,0,21,NA,NA
"old vibes (with old sounds)","wii game cube and others will be expected","9-12-2022 4:33:45",1670560425,41413236,"3VG9Y61YF","SMB1",0,"Overworld",0,"Easy",0,"Standard"," Themed",1,8,"00:06.657",6657,"00:47.173",47173,1,0,0,34,43,"79.07%",79.0697674418605,37,0,0,4,0,29,NA,NA
"自動","","12-4-2020 6:49:58",1586674198,16681161,"7LTSDYVHG","NSMBU",3,"Overworld",0,"Easy",0,"Standard"," Standard",1,1,"00:26.935",26935,"00:35.334",35334,0,0,0,8,15,"53.33%",53.3333333333333,9,0,0,0,0,9,NA,NA
"1","Catch It !!!!!","25-4-2020 22:13:51",1587852831,17815819,"NL47F9HKG","SM3DW",4,"Overworld",0,"Easy",0,"Themed"," Themed",8,8,"00:12.634",12634,"01:08.120",68120,7,0,0,217,241,"90.04%",90.0414937759336,222,4,3,22,3,215,NA,NA
"No World made game","when you didnt make level","30-4-2023 22:55:56",1682895356,44130594,"S38QLVLGF","SMB1",0,"Sky",8,"Easy",0,"Standard"," Standard",1,1,"00:13.205",13205,"01:05.037",65037,1,0,0,33,60,"55.00%",55,45,0,0,4,0,42,NA,NA
"Fire Frown","nothing to see here just enjoy!!!","23-7-2019 5:32:25",1563859945,6518368,"8MYWKS4FF","SMW",2,"Castle",2,"Easy",0,"Standard"," Speedrun",1,3,"00:24.376",24376,"00:46.106",46106,0,0,0,27,61,"44.26%",44.2622950819672,35,5,0,2,1,34,NA,NA
"Level 1","","15-12-2023 16:43:50",1702658630,48069732,"1NKTFTRJF","SMB1",0,"Overworld",0,"Easy",0,"Standard"," Short and sweet",1,6,"00:01.301",1301,"00:01.305",1305,0,0,0,1,1,"100.00%",100,1,0,0,0,0,1,NA,NA
"coins","","26-2-2021 1:37:33",1614303453,28095201,"VS6LL7CGF","SMB1",0,"Forest",9,"Easy",0,"Speedrun"," Short and sweet",3,6,"00:12.792",12792,"00:16.886",16886,0,0,0,71,74,"95.95%",95.9459459459459,74,3,0,11,2,75,NA,NA
"High Above the Clouds","","1-8-2023 0:40:33",1690850433,45948375,"9W6KS8VVG","NSMBU",3,"Sky",8,"Easy",0,"Standard"," Single player",1,14,"00:37.437",37437,"01:57.668",117668,0,0,0,7,9,"77.78%",77.7777777777778,7,0,2,0,0,8,NA,NA
"最速タイムに挑戦！！","あなたは何秒でクリアできるかな","21-9-2023 9:29:27",1695288567,46884437,"L303TH5TG","NSMBU",3,"Overworld",0,"Easy",0,"Speedrun"," Speedrun",3,3,"00:01.301",1301,"00:01.718",1718,0,0,0,76,86,"88.37%",88.3720930232558,79,0,0,4,0,37,NA,NA
"初めて作った全自動","","28-3-2020 8:28:15",1585384095,16098516,"YFKJDQ2SG","SM3DW",4,"Forest",9,"Easy",0,"Autoscroll"," Music",4,9,"00:36.683",36683,"00:53.366",53366,7,3730243509,0,169,422,"40.05%",40.0473933649289,229,2,5,32,3,208,NA,NA
"short but fast","he","11-3-2023 16:48:41",1678553321,43053362,"P4Y8XS3WF","NSMBU",3,"Castle",2,"Easy",0,"Short and sweet"," Technical",6,11,"00:08.150",8150,"00:18.006",18006,0,0,0,15,41,"36.59%",36.5853658536585,17,0,0,1,1,13,NA,NA
"Please drop a heart!","Trade offer: I give you a free clear And you heart the levelツ　　　　　　　　　　　　　　","12-7-2022 16:21:44",1657642904,38971792,"WF34S2SNG","SMW",2,"Snow",6,"Easy",0,"Auto mario"," Boss battle",5,13,"00:01.411",1411,"00:01.766",1766,3,0,0,53,53,"100.00%",100,53,1,0,11,1,47,NA,NA
"おしろからだっしゅつ！！！！！","脱出！！！","7-8-2024 4:08:05",1723003685,51681195,"YQXMFBTPF","SM3DW",4,"Castle",2,"Normal",1,"Puzzle solving"," Speedrun",2,3,"00:23.483",23483,"00:24.347",24347,0,0,0,4,17,"23.53%",23.5294117647059,4,0,0,1,0,3,NA,NA
"Pipe Port","It all depends on the path u choose.","15-3-2021 17:45:34",1615830334,28602563,"57TRH2PBG","NSMBU",3,"Overworld",0,"Normal",1,"Standard"," Single player",1,14,"00:06.655",6655,"01:01.668",61668,0,0,0,58,154,"37.66%",37.6623376623377,76,0,1,7,1,65,NA,NA
"マリオ電車に乗ろう","電車の中にいろいろな仕組みがおります。！！！！！","24-7-2023 4:52:56",1690174376,45774433,"1MJWVN8GF","SMB3",1,"Overworld",0,"Normal",1,"Themed"," Boss battle",8,13,"02:10.725",130725,"01:47.031",107031,0,0,0,11,53,"20.75%",20.7547169811321,20,0,3,2,0,22,NA,NA
"THX FOR 300 HEARTS"," Thank u EVERYONE who made this possible","23-7-2024 20:05:17",1721765117,51432635,"FVQYK264G","SMB3",1,"Overworld",0,"Normal",1,"Art"," Boss battle",10,13,"00:22.005",22005,"00:24.256",24256,18,0,0,21,59,"35.59%",35.5932203389831,29,3,0,10,2,28,NA,NA
"コーダへの1-2","がんばっで>_<","17-12-2023 7:17:17",1702797437,48099036,"PLFBHQQ0H","SM3DW",4,"Overworld",0,"Normal",1,"Speedrun"," Technical",3,11,"00:02.495",2495,"00:05.316",5316,0,0,0,41,178,"23.03%",23.0337078651685,56,0,1,5,0,37,NA,NA
"チョロップをたおしてS+めざせ　ルールはおなじです。","","1-3-2024 22:46:27",1709333187,49405009,"H2Y173JPG","SMB1",0,"Sky",8,"Normal",1,"Music"," Technical",9,11,"00:46.352",46352,"01:05.791",65791,0,1510495760,100,21,79,"26.58%",26.5822784810127,35,0,17,7,3,44,NA,NA
"#####＃","","24-12-2023 0:56:53",1703379413,48190835,"F8X10FNXF","NSMBU",3,"Overworld",0,"Normal",1,"Standard"," Short and sweet",1,6,"00:07.674",7674,"00:40.408",40408,1,0,0,53,160,"33.12%",33.125,68,5,0,8,1,54,NA,NA
"Hey Zeo :)","In diesem Level müsst ihr genau auf eure Umgebung achten :D","14-7-2019 15:25:47",1563117947,5622970,"HHR8JVM3G","NSMBU",3,"Airship",3,"Normal",1,"Themed"," Themed",8,8,"01:19.636",79636,"02:34.183",154183,4,4116396131,135,60,271,"22.14%",22.140221402214,101,8,1,14,3,102,NA,NA
"boom boom","","14-7-2019 6:11:04",1563084664,5567414,"18KF20G0G","SM3DW",4,"Overworld",0,"Normal",1,"Speedrun"," Speedrun",3,3,"00:51.115",51115,"01:03.149",63149,0,0,0,14,111,"12.61%",12.6126126126126,30,5,1,2,4,34,NA,NA
"Creepy Piranha Creepers!",":)","23-1-2022 18:07:59",1642961279,35482332,"CH5FWFR0H","SM3DW",4,"Sky",8,"Normal",1,"Standard"," Short and sweet",1,6,"00:27.376",27376,"00:50.140",50140,1,0,0,6,49,"12.24%",12.2448979591837,18,2,2,2,1,19,NA,NA
"Guide the Goomba","Guide the goomba using the switches. ","28-12-2020 4:03:08",1609128188,26113588,"BK2SGBDYF","SMW",2,"Overworld",0,"Normal",1,"Puzzle solving"," Short and sweet",2,6,"00:09.633",9633,"01:00.033",60033,7,0,0,53,141,"37.59%",37.5886524822695,70,6,16,8,2,81,NA,NA
"鬼のとう2かい","","16-7-2023 4:37:12",1689482232,45610764,"HDWV1WVKG","NSMBU",3,"Airship",3,"Normal",1,"None"," None",0,0,"00:05.521",5521,"00:16.005",16005,1,0,0,24,73,"32.88%",32.8767123287671,30,0,0,2,1,25,NA,NA
"Easy parcour training","","24-6-2023 17:14:09",1687626849,45193695,"KW0K948DF","SMW",2,"Overworld",0,"Normal",1,"Standard"," Short and sweet",1,6,"00:08.283",8283,"00:24.569",24569,0,0,0,16,44,"36.36%",36.3636363636364,22,1,0,2,1,20,NA,NA
"Double trouble","Sneak in ","29-10-2022 20:11:56",1667074316,40872132,"05L64F0DG","SMB3",1,"Underground",1,"Normal",1,"Standard"," Boss battle",1,13,"01:01.296",61296,"02:07.936",127936,1,0,0,16,85,"18.82%",18.8235294117647,31,0,0,4,2,26,NA,NA
"Not Easy","NOT EASEH","27-12-2019 9:40:22",1577439622,12896125,"JNMX92Y5G","SMB3",1,"Castle",2,"Normal",1,"Speedrun"," Short and sweet",3,6,"00:03.942",3942,"00:09.337",9337,0,375673178,0,45,104,"43.27%",43.2692307692308,52,0,2,5,0,45,NA,NA
"apo8.oert","","9-4-2021 10:27:10",1617964030,29354413,"3NN1H1XRF","SM3DW",4,"Snow",6,"Normal",1,"Standard"," Puzzle solving",1,2,"00:26.292",26292,"01:21.263",81263,0,0,0,43,199,"21.61%",21.608040201005,72,2,0,4,1,71,NA,NA
"2-The Rat Hole","Looks like you found the Skipsqueak's hangout.","25-6-2020 5:02:49",1593061369,21197560,"8GJGQC02G","SM3DW",4,"Underground",1,"Normal",1,"Standard"," Themed",1,8,"00:25.190",25190,"00:30.490",30490,35,0,0,1173,4947,"23.71%",23.7113402061856,1733,37,13,262,28,1708,NA,NA
"Surf","surfs up dudes!! ^-^","22-12-2021 16:20:53",1640190053,34650107,"39QBY964G","SMW",2,"Overworld",0,"Normal",1,"None"," None",0,0,"00:20.500",20500,"00:23.264",23264,4,0,0,60,275,"21.82%",21.8181818181818,102,6,0,12,3,81,NA,NA
"走れ～～","","26-12-2019 1:23:01",1577323381,12819459,"BWV9TGMBG","NSMBU",3,"Airship",3,"Normal",1,"Multiplayer versus"," Multiplayer versus",7,7,"00:10.572",10572,"00:11.606",11606,2,0,0,39,97,"40.21%",40.2061855670103,59,4,0,4,3,54,NA,NA
"さばくのリメイクコース♪","","18-10-2022 11:18:50",1666091930,40725026,"0TXLDL6HF","NSMBU",3,"Desert",7,"Normal",1,"Speedrun"," Speedrun",3,3,"00:13.818",13818,"00:14.310",14310,0,0,0,71,581,"12.22%",12.2203098106713,122,5,0,12,5,92,NA,NA
".",".","14-7-2023 19:36:32",1689363392,45578865,"5WRWTBPVF","SM3DW",4,"Airship",3,"Normal",1,"Technical"," Technical",11,11,"00:02.883",2883,"00:03.299",3299,0,0,0,11,29,"37.93%",37.9310344827586,13,0,0,1,2,12,NA,NA
"Through the hills","Very simple level","12-7-2019 4:01:28",1562904088,5299210,"FSVW4NYHG","SM3DW",4,"Overworld",0,"Normal",1,"Standard"," Speedrun",1,3,"00:21.750",21750,"01:41.667",101667,1,0,0,80,304,"26.32%",26.3157894736842,108,6,0,13,1,107,NA,NA
"bowsers castle 2","","22-6-2023 17:57:34",1687456654,45153240,"MJQYBDYVG","SMB1",0,"Castle",2,"Normal",1,"Boss battle"," Boss battle",13,13,"00:05.139",5139,"00:05.785",5785,1,0,0,45,121,"37.19%",37.1900826446281,54,0,0,5,1,41,NA,NA
"bigfoot","idk why I name it BigfootXD","11-2-2024 19:43:19",1707680599,49115387,"BN5D7ST4G","SMB3",1,"Overworld",0,"Normal",1,"Short and sweet"," Short and sweet",6,6,"00:10.308",10308,"00:29.310",29310,0,0,0,12,42,"28.57%",28.5714285714286,22,0,0,3,1,18,NA,NA
"Mountain climbing pt 1 lets-a go","Start your journey climbing a giant mountain","13-2-2024 15:58:48",1707839928,49147213,"SHY5D7YLG","SMW",2,"Snow",6,"Normal",1,"Standard"," Themed",1,8,"01:26.266",86266,"01:36.649",96649,0,0,0,6,31,"19.35%",19.3548387096774,15,1,4,3,2,20,NA,NA
"fd!jfeeeedds","","14-7-2024 22:31:56",1720996316,51296170,"QW09S9JPF","SM3DW",4,"Overworld",0,"Normal",1,"Puzzle solving"," Auto mario",2,5,"00:01.102",1102,"00:04.395",4395,0,0,0,12,22,"54.55%",54.5454545454545,13,0,0,1,0,7,NA,NA
"Parkour Pipe Palooza [30s]","Never stop moving! This is my first rush level.","15-3-2022 22:16:29",1647382589,36630011,"4W7NSHV4G","SMB3",1,"Forest",9,"Normal",1,"Short and sweet"," Single player",6,14,"00:27.167",27167,"00:27.704",27704,1,0,0,62,615,"10.08%",10.0813008130081,111,0,0,15,4,91,NA,NA
"戦い","","28-4-2024 13:05:01",1714309501,50291236,"FWVPCMVJF","NSMBU",3,"Desert",7,"Normal",1,"Boss battle"," Boss battle",13,13,"00:27.406",27406,"00:34.796",34796,0,0,0,1,3,"33.33%",33.3333333333333,3,0,0,0,0,3,NA,NA
"マルマルしないとクリアできません","マルマルする","21-8-2021 5:50:45",1629525045,32494080,"VBS6B1V8G","NSMBU",3,"Overworld",0,"Normal",1,"Puzzle solving"," Multiplayer versus",2,7,"00:01.351",1351,"00:01.470",1470,0,0,0,120,364,"32.97%",32.967032967033,177,4,3,24,13,121,NA,NA
"Find a way","my first level","28-7-2019 23:49:25",1564357765,7098384,"0T2YBD9PG","NSMBU",3,"Sky",8,"Normal",1,"Puzzle solving"," Short and sweet",2,6,"00:33.450",33450,"00:50.091",50091,1,0,0,32,161,"19.88%",19.8757763975155,52,7,3,5,1,60,NA,NA
"1画面だけど【ムズい】コース","※マリオメーカーは嫌いにならないで下さい！！","28-12-2022 6:41:07",1672209667,41726498,"FFF1KS4HF","NSMBU",3,"Overworld",0,"Normal",1,"Multiplayer versus"," Multiplayer versus",7,7,"00:09.639",9639,"00:15.773",15773,3,0,0,48,345,"13.91%",13.9130434782609,94,3,0,25,4,91,NA,NA
"world 1-1 in super mario bros","w","17-10-2020 15:30:29",1602948629,24560074,"RLP1NB8JG","SMB1",0,"Overworld",0,"Normal",1,"Themed"," Single player",8,14,"00:18.345",18345,"01:09.860",69860,2,0,0,35,82,"42.68%",42.6829268292683,45,0,1,4,0,46,NA,NA
"Cookie Dessert - 2","Hello, Welcome to my second dessert! You have to watch out the anrgry sun!","9-9-2023 12:58:24",1694264304,46705625,"D824415XG","SMB3",1,"Desert",7,"Normal",1,"Standard"," Multiplayer versus",1,7,"00:23.749",23749,"00:30.978",30978,0,0,0,8,25,"32.00%",32,13,0,1,1,0,14,NA,NA
"Bowser's Fortress","Faster level complete = more boss time. Yoshi is highly recommended.","29-12-2019 1:31:06",1577583066,12988674,"S8RJ2T0BG","NSMBU",3,"Castle",2,"Normal",1,"Standard"," Speedrun",1,3,"02:10.690",130690,"06:07.789",367789,0,1268255615,1,9,120,"7.50%",7.5,17,0,0,1,0,14,NA,NA
"Mario Gear Solid","","23-4-2020 0:03:57",1587600237,17305232,"4285DV3PG","SM3DW",4,"Underground",1,"Normal",1,"Standard"," Standard",1,1,"00:20.011",20011,"00:25.035",25035,0,1151250770,0,35,95,"36.84%",36.8421052631579,60,1,8,6,0,64,NA,NA
"castle","","14-10-2020 13:57:23",1602683843,24501702,"C8RMBR2FG","SMW",2,"Castle",2,"Normal",1,"Multiplayer versus"," Link",7,15,"00:14.723",14723,"01:37.185",97185,2,0,0,106,431,"24.59%",24.5939675174014,137,5,0,14,4,126,NA,NA
"113増す飛べ","113増す飛べ","18-10-2021 1:01:58",1634518918,33618252,"GP7P1LJKG","NSMBU",3,"Sky",8,"Normal",1,"Short and sweet"," Technical",6,11,"00:20.463",20463,"00:22.599",22599,3,0,0,19,115,"16.52%",16.5217391304348,38,0,0,4,1,34,NA,NA
"2-2 koopa canyon","second level of world 2.","23-7-2019 9:18:32",1563873512,6531802,"8CPM07PXG","NSMBU",3,"Desert",7,"Normal",1,"Standard"," Standard",1,1,"00:20.506",20506,"01:35.013",95013,1,0,0,152,526,"28.90%",28.8973384030418,189,37,1,26,8,214,NA,NA
"1-1 ","Not your normal 1-1 remake -_-","1-8-2020 1:17:45",1596244665,22511698,"5VPTJPLQG","NSMBU",3,"Overworld",0,"Normal",1,"Standard"," Short and sweet",1,6,"00:13.291",13291,"00:31.628",31628,0,0,0,18,59,"30.51%",30.5084745762712,20,0,0,2,0,13,NA,NA
"ファイアーボールを打ちまくって","クリボーをいっぱい置いたんだファイアーボールを打ちまくってゴールまで高速ダッシュでGOGO","31-10-2020 8:54:20",1604134460,24825174,"TC5C83WTG","SM3DW",4,"Castle",2,"Normal",1,"Themed"," Technical",8,11,"00:24.549",24549,"01:16.594",76594,5,375673178,0,172,419,"41.05%",41.0501193317422,212,4,24,32,2,210,NA,NA
"キラーから全力疾走！！  (2)","","2-8-2022 12:57:05",1659445025,39412935,"YS4GBM2GG","SMW",2,"Sky",8,"Normal",1,"Speedrun"," Speedrun",3,3,"00:15.616",15616,"00:15.900",15900,0,0,0,67,755,"8.87%",8.87417218543046,117,5,0,16,6,97,NA,NA
"Deep Sea Diving Adventure","Dive in the deep seas in search of sunken ships. Remember to bring the key","2-3-2020 12:14:54",1583151294,15159230,"01QLGTW6G","SMW",2,"Forest",9,"Normal",1,"Standard"," Themed",1,8,"05:53.250",353250,"06:32.416",392416,10,0,0,45,292,"15.41%",15.4109589041096,153,19,42,32,9,210,NA,NA
"ｽﾋﾟﾗﾝ","","17-10-2019 9:53:40",1571306020,11062218,"DWK1RBCJG","NSMBU",3,"Overworld",0,"Normal",1,"Standard"," Speedrun",1,3,"00:13.172",13172,"00:18.823",18823,1,0,0,65,162,"40.12%",40.1234567901235,80,3,0,7,2,71,NA,NA
"第二コース2","2ウェエ2ウェ","16-1-2024 1:01:39",1705366899,48682496,"LD7GBSD8G","SM3DW",4,"Overworld",0,"Normal",1,"Autoscroll"," Multiplayer versus",4,7,"01:11.135",71135,"02:13.568",133568,0,0,0,10,27,"37.04%",37.037037037037,14,0,0,1,0,13,NA,NA
"High sky speedrun world 2-3","Run to win!","7-11-2020 17:50:41",1604771441,24975280,"PPK8557VF","SMW",2,"Sky",8,"Normal",1,"Standard"," Speedrun",1,3,"00:20.583",20583,"00:21.333",21333,1,0,0,35,361,"9.70%",9.69529085872576,70,2,0,7,1,65,NA,NA
"12wwdee44","I have lost my keys. Someome put them into enemies.","7-2-2024 20:58:00",1707339480,49045089,"Q2R75VCGF","SM3DW",4,"Ghost house",5,"Normal",1,"Speedrun"," Multiplayer versus",3,7,"00:07.673",7673,"00:16.456",16456,0,0,0,27,116,"23.28%",23.2758620689655,33,0,0,4,0,32,NA,NA
"le monde maléfique ep 3 boss","","30-6-2019 14:20:57",1561904457,3646373,"HS5Y228KF","SM3DW",4,"Forest",9,"Normal",1,"Standard"," Short and sweet",1,6,"00:28.132",28132,"00:49.268",49268,1,0,0,67,171,"39.18%",39.1812865497076,85,8,0,7,3,92,NA,NA
"一画面スピードラン","私コースのネタなのがいつも考えられなくて誰かコツを教えてくれませんかöお願いします！","11-10-2023 11:48:11",1697024891,47187273,"T070927HG","NSMBU",3,"Snow",6,"Normal",1,"Technical"," Single player",11,14,"00:05.299",5299,"00:06.051",6051,3,2749601092,1,102,564,"18.09%",18.0851063829787,135,0,0,17,5,102,NA,NA
"バネの国","無理ゲー","6-5-2022 10:12:24",1651831944,37761381,"V5345KXJF","NSMBU",3,"Overworld",0,"Normal",1,"Puzzle solving"," Technical",2,11,"00:11.327",11327,"02:36.762",156762,0,0,0,41,109,"37.61%",37.6146788990826,54,3,0,6,4,55,NA,NA
"qwerty123","mnbvcx098","28-12-2023 16:26:26",1703780786,48297157,"28HKBL1DG","NSMBU",3,"Overworld",0,"Normal",1,"Music"," Link",9,15,"00:08.028",8028,"00:26.912",26912,0,0,0,34,106,"32.08%",32.0754716981132,48,3,0,7,3,49,NA,NA
"逆さ&60秒スピラン","昔～に作ったやつ。最後が適当なのゆるして(・-・`)　　　　　　","8-8-2024 12:39:05",1723120745,51704943,"5DPW51YSF","SMW",2,"Underground",1,"Expert",2,"Single player"," Single player",14,14,NA,NA,"00:58.300",58300,0,0,0,0,16,"0.00%",0,2,0,0,1,1,2,1,2
"できるかな？","できるかな？","6-1-2024 3:09:24",1704510564,48501466,"GJS56NRXG","SMB1",0,"Snow",6,"Expert",2,"Standard"," Boss battle",1,13,NA,NA,"02:09.016",129016,0,0,0,1,44,"2.27%",2.27272727272727,13,0,2,1,0,15,0,1
"youtube","look for all the coins. and take the flag. be carefull","7-8-2024 16:32:16",1723048336,51690183,"39LX41TFG","NSMBU",3,"Sky",8,"Expert",2,"Puzzle solving"," Speedrun",2,3,NA,NA,"02:17.020",137020,0,4116396131,62,0,4,"0.00%",0,3,0,0,0,0,3,0,3
"Jump and catch 100 coins","Pule e pegue 100 moedas para vencer","1-8-2019 4:16:58",1564633018,7373291,"PCN0V9MPF","SM3DW",4,"Sky",8,"Expert",2,"Speedrun"," Multiplayer versus",3,7,NA,NA,"00:26.267",26267,6,4116396131,100,28,553,"5.06%",5.06329113924051,99,10,0,13,9,97,0,1
"避難訓練 -極-","避難訓練の達人","25-6-2022 3:23:17",1656127397,38643317,"2PHCFY30G","NSMBU",3,"Forest",9,"Expert",2,"Technical"," Technical",11,11,NA,NA,"00:16.395",16395,0,0,0,4,63,"6.35%",6.34920634920635,32,0,0,1,2,33,0,0
"25","You'll figure it out!","24-8-2019 21:11:34",1566681094,9087848,"Q7DCV6RMF","SMB1",0,"Desert",7,"Expert",2,"Puzzle solving"," Short and sweet",2,6,NA,NA,"00:10.673",10673,1,2035052211,29,11,397,"2.77%",2.77078085642317,49,0,0,1,4,40,0,0
"楽しいスピラン40秒クソコースです","楽しいよ","13-8-2019 22:38:29",1565735909,8360696,"5932GVK2G","NSMBU",3,"Overworld",0,"Expert",2,"Standard"," Speedrun",1,3,NA,NA,"00:37.810",37810,3,0,0,16,661,"2.42%",2.42057488653555,64,0,0,7,5,54,0,0
"Epic Gamer Level Finale","Its about time you faced Larry again. But now he made it HARD! :]","11-3-2021 21:14:23",1615497263,28472367,"CS6SXSVSF","SMB3",1,"Forest",9,"Expert",2,"Boss battle"," Single player",13,14,NA,NA,"00:50.940",50940,2,0,0,4,465,"0.86%",0.860215053763441,37,0,1,2,1,33,0,0
"A Fuga","depois de Mario ser pego pelo Bowser,Mario vai tentar fugir voce pode ajuda","2-6-2022 13:43:46",1654177426,38236057,"4V3XPX3XG","NSMBU",3,"Airship",3,"Expert",2,"Boss battle"," Single player",13,14,NA,NA,"01:38.331",98331,0,0,0,2,25,"8.00%",8,9,0,1,0,1,10,0,0
"ベルトコンベアの意外な使い方","タイミングを見図る！！","28-7-2019 6:53:14",1564296794,7024640,"4TCXT1P8G","NSMBU",3,"Overworld",0,"Expert",2,"Standard"," Themed",1,8,NA,NA,"00:42.510",42510,0,0,0,2,80,"2.50%",2.5,18,1,0,1,3,17,0,0
"スピラン(?)連打力→半自動→ゴール　YouTubeのひとやって","ぽこにゃんさんや明日香さんやってみてください。","3-10-2020 23:04:55",1601766295,24285716,"YHXLQKXRG","SMW",2,"Snow",6,"Expert",2,"Auto mario"," Technical",5,11,NA,NA,"00:57.733",57733,4,0,0,14,234,"5.98%",5.98290598290598,55,1,0,5,5,50,0,0
"中級レベル　　1    !!!!!","少し難しい","9-8-2020 11:12:13",1596971533,22795975,"FGPR745GG","NSMBU",3,"Sky",8,"Expert",2,"Puzzle solving"," Puzzle solving",2,2,NA,NA,"01:20.111",80111,0,0,0,15,95,"15.79%",15.7894736842105,30,0,28,3,0,55,0,0
"Don't Use Pow's","","3-8-2019 4:46:32",1564807592,7529595,"H2W5XR84G","SMB3",1,"Ghost house",5,"Expert",2,"Themed"," Single player",8,14,NA,NA,"01:02.133",62133,0,0,0,16,281,"5.69%",5.69395017793594,81,2,43,6,2,121,0,1
"。。。","！！！","26-6-2024 7:48:01",1719388081,51033268,"8J46F26YF","NSMBU",3,"Castle",2,"Expert",2,"Technical"," Single player",11,14,NA,NA,"00:13.521",13521,0,0,0,9,196,"4.59%",4.59183673469388,37,0,0,6,2,35,0,4
"Overloaded Airship","Do not speed run this level","13-7-2019 12:01:32",1563019292,5459032,"PSN1VM4WG","NSMBU",3,"Airship",3,"Expert",2,"Standard"," Standard",1,1,NA,NA,"01:19.226",79226,1,0,0,7,327,"2.14%",2.14067278287462,49,0,1,3,0,45,0,0
"Ant farm","Getting a bit ANTSY are'nt we?","15-7-2019 1:03:49",1563152629,5679963,"YN2SM6MYG","SM3DW",4,"Underground",1,"Expert",2,"Short and sweet"," Themed",6,8,NA,NA,"02:31.580",151580,0,0,0,11,227,"4.85%",4.84581497797357,54,3,0,4,2,53,0,0
"sandshrine dungeon","reeeeeeeeeeeeeeeeeeeee","7-12-2019 21:11:20",1575753080,12310651,"7VQWKBQ4G","SMB1",0,"Desert",7,"Expert",2,"Puzzle solving"," Themed",2,8,NA,NA,"06:05.331",365331,2,0,0,15,153,"9.80%",9.80392156862745,53,6,13,8,5,68,0,0
"KoopaTroopa Highway","Enjoy guys","15-1-2020 16:06:21",1579104381,13703555,"TB6Y38KBG","SM3DW",4,"Overworld",0,"Expert",2,"Standard"," Speedrun",1,3,NA,NA,"02:40.282",160282,0,3437308486,16,12,200,"6.00%",6,61,0,15,6,1,71,0,0
"Iggy's castle","It's iggy's castle try not to die with my decent level design","17-7-2020 0:49:49",1594946989,21988495,"LM08WSMNG","SMW",2,"Castle",2,"Expert",2,"Standard"," Boss battle",1,13,NA,NA,"01:38.240",98240,0,0,0,3,58,"5.17%",5.17241379310345,13,0,0,1,3,13,0,0
"One screen puzzle./一画面解谜。","","26-6-2023 14:45:54",1687790754,45234791,"KMQD2PLLF","SMW",2,"Snow",6,"Expert",2,"Puzzle solving"," Technical",2,11,NA,NA,"00:31.216",31216,36,3466227835,2,1239,14798,"8.37%",8.37275307473983,1884,10,62,354,32,1686,0,1
"天井が低すぎてマリオが見えない","","4-1-2024 10:39:27",1704364767,48465092,"VXMWPWDCG","NSMBU",3,"Sky",8,"Expert",2,"Short and sweet"," Single player",6,14,NA,NA,"00:11.200",11200,3,0,0,9,338,"2.66%",2.66272189349112,85,0,0,16,3,73,0,0
"Ice-Slide Mountain","Climb the mountain, then slide it down! Be quick!","28-6-2019 15:16:36",1561734996,3092833,"VXXF0DJGF","SMW",2,"Snow",6,"Expert",2,"Speedrun"," Short and sweet",3,6,NA,NA,"00:42.833",42833,16,0,0,150,1566,"9.58%",9.57854406130268,330,3,0,57,11,309,0,0
"mario 5","","31-1-2021 12:36:55",1612096615,27313172,"V6MHW5TRG","SM3DW",4,"Ghost house",5,"Expert",2,"Standard"," Puzzle solving",1,2,NA,NA,"03:23.466",203466,0,0,0,8,51,"15.69%",15.6862745098039,15,0,6,1,0,21,0,0
"Tippy Tappy","Watch your step!","15-7-2019 20:31:19",1563222679,5780549,"YQP1WGGDG","SM3DW",4,"Airship",3,"Expert",2,"Standard"," Short and sweet",1,6,NA,NA,"00:57.040",57040,2,137525990,0,134,1204,"11.13%",11.1295681063123,245,1,25,44,5,241,0,0
"Pink coin collecting ピンクコイン集め","Please use the middle point when you like　中間ポイントは好きなときに使ってください","2-7-2019 8:18:21",1562055501,3978242,"5WYWLX8BG","SMW",2,"Ghost house",5,"Expert",2,"Themed"," Single player",8,14,NA,NA,"01:38.350",98350,9,0,0,69,1271,"5.43%",5.42879622344611,290,18,6,37,7,281,0,0
"mundo 2 - 1","","2-6-2023 2:51:37",1685674297,44782730,"JM8K0KJJG","SMB3",1,"Underground",1,"Expert",2,"Boss battle"," Single player",13,14,NA,NA,"01:43.407",103407,0,0,0,1,13,"7.69%",7.69230769230769,5,0,1,0,1,6,0,0
"3d",",8mr8ìðāļèħèðļæðļðļæ","27-1-2024 1:27:48",1706318868,48853599,"0YN812NDF","SM3DW",4,"Desert",7,"Expert",2,"Puzzle solving"," Puzzle solving",2,2,NA,NA,"00:24.485",24485,0,0,0,0,5,"0.00%",0,3,0,0,0,1,3,0,0
"げキムズコース","","12-3-2020 10:35:43",1584009343,15481128,"N7L5SYVMF","SM3DW",4,"Ghost house",5,"Expert",2,"Standard"," Puzzle solving",1,2,NA,NA,"01:36.849",96849,3,0,0,20,353,"5.67%",5.6657223796034,83,1,1,5,8,73,0,0
"Acrobats On The Moles","","3-5-2024 1:26:57",1714699617,50346373,"GW6YCQ2DG","SMB3",1,"Sky",8,"Expert",2,"Standard"," Technical",1,11,NA,NA,"00:17.355",17355,0,0,0,2,38,"5.26%",5.26315789473684,9,0,0,0,0,9,0,0
"first","epico first level","27-12-2021 1:18:22",1640567902,34757940,"M1XFYVSXF","SMB3",1,"Overworld",0,"Expert",2,"Standard"," Short and sweet",1,6,NA,NA,"02:53.028",173028,0,0,0,5,245,"2.04%",2.04081632653061,28,0,1,2,1,27,0,0
"Fortress Funtime","wanted to try using parts i dont use","20-3-2021 0:55:22",1616201722,28706326,"32W5H8QTG","NSMBU",3,"Castle",2,"Expert",2,"Standard"," Boss battle",1,13,NA,NA,"01:51.874",111874,14,0,0,156,2581,"6.04%",6.04416892677257,550,5,16,76,9,531,0,1
"謎解き地下室","難しい","11-4-2020 23:33:41",1586648021,16667103,"YY3FDLWDF","SMB1",0,"Underground",1,"Expert",2,"Puzzle solving"," Single player",2,14,NA,NA,"01:19.962",79962,0,0,0,14,255,"5.49%",5.49019607843137,104,1,14,7,1,118,1,1
"W-1-3 Tilt and bam","Try not to die!!","28-8-2021 18:32:31",1630175551,32680809,"P7Q7C05NF","SMB1",0,"Sky",8,"Expert",2,"Standard"," Standard",1,1,NA,NA,"02:31.133",151133,0,1431944825,1,2,41,"4.88%",4.8780487804878,16,0,2,1,3,18,0,0
"スピードラン","ない","19-2-2020 8:22:25",1582100545,14784807,"6JXS5NJLF","NSMBU",3,"Overworld",0,"Expert",2,"Speedrun"," Speedrun",3,3,NA,NA,"00:38.449",38449,1,3466227835,14,13,206,"6.31%",6.31067961165049,49,0,5,2,1,43,0,0
"Gerudo Desert","Find all red coins to beat the level!","19-9-2023 2:46:53",1695091613,46859399,"88H2B46GG","SMB1",0,"Desert",7,"Expert",2,"Standard"," Puzzle solving",1,2,NA,NA,"03:03.034",183034,2,0,0,4,82,"4.88%",4.8780487804878,29,0,5,3,1,32,0,0
"10秒チャレンジ","つまったらほぼ終わり　　0,01%狙い","6-12-2019 12:09:00",1575634140,12233059,"C44NKCTHF","NSMBU",3,"Underground",1,"Expert",2,"Themed"," Themed",8,8,NA,NA,"00:09.682",9682,1,0,0,7,203,"3.45%",3.44827586206897,37,0,0,1,0,34,0,0
"2たゲームができるコース","2こゲームができます","6-5-2024 11:10:47",1714993847,50406708,"29G85GRXF","NSMBU",3,"Overworld",0,"Expert",2,"Multiplayer versus"," Music",7,9,NA,NA,"02:24.362",144362,0,2131209407,39,9,156,"5.77%",5.76923076923077,23,0,4,3,0,27,0,0
"Those Dang Walls","Remake of a 3D Version of the original","4-8-2021 21:03:31",1628111011,32075943,"X78CQKXLF","NSMBU",3,"Sky",8,"Expert",2,"None"," None",0,0,NA,NA,"00:05.981",5981,0,137525990,0,2,37,"5.41%",5.40540540540541,18,0,1,1,2,19,0,0
"Springs 'n Moles (Reupload)","Throw springs to move moles, get items, and traverse the level! (1st Level)","14-6-2022 23:14:00",1655248440,38467831,"4DSD0FJ1G","SMW",2,"Underground",1,"Expert",2,"Short and sweet"," Technical",6,11,NA,NA,"00:47.302",47302,1,0,0,10,135,"7.41%",7.40740740740741,32,0,9,5,0,40,0,0
"【性別クイズ】man/woman quiz    上 男 下 女","敵の性別がどっちかを当てよう！　　　　　　　　　　　　　　　　　　　　　　　　　　　　　　　　　　　　　　　　　　　　　 上 : 男　　　下 : 女","14-10-2019 6:51:19",1571035879,10991017,"L6RX4FDNF","SMB1",0,"Snow",6,"Expert",2,"Standard"," Multiplayer versus",1,7,NA,NA,"00:36.704",36704,6,0,0,43,361,"11.91%",11.9113573407202,111,7,12,13,9,115,0,0
"2連TAS","クリアチェックは双子の兄弟にやってもらいました！(FXR_syun)→コースIDR73-9GD-TNF是非やってみてください！！！！！","22-10-2022 12:03:13",1666440193,40772241,"XPFPW06QG","NSMBU",3,"Overworld",0,"Expert",2,"Short and sweet"," Technical",6,11,NA,NA,"00:04.269",4269,0,0,0,5,115,"4.35%",4.34782608695652,20,0,0,1,1,18,0,0
"クソコです","クソコです","4-9-2023 11:28:00",1693826880,46635893,"2RG5GFTYF","SMB1",0,"Underground",1,"Expert",2,"Short and sweet"," Short and sweet",6,6,NA,NA,"00:47.107",47107,0,0,0,1,37,"2.70%",2.7027027027027,10,0,0,0,0,8,0,2
"trampa","no caigas en trampas","7-7-2023 1:25:58",1688693158,45432031,"970M4LGDF","SMB1",0,"Overworld",0,"Expert",2,"Standard"," Auto mario",1,5,NA,NA,"00:38.111",38111,1,0,0,7,54,"12.96%",12.962962962963,15,0,1,1,2,15,0,0
"Flying in the skys (speedrun)","its a 20 second speed run GOOD LUCK!","17-1-2020 20:53:45",1579294425,13756860,"HM3XPW05G","SMW",2,"Snow",6,"Expert",2,"Speedrun"," Short and sweet",3,6,NA,NA,"00:19.500",19500,0,0,0,2,261,"0.77%",0.766283524904214,29,0,0,1,3,26,0,0
"スピードラン/speed run ","初めてスピラン作ってみました☆走って走って走り抜けろ！","1-7-2023 4:21:27",1688185287,45316561,"3L3FQKMPG","NSMBU",3,"Ghost house",5,"Expert",2,"Technical"," Technical",11,11,NA,NA,"00:26.155",26155,2,0,0,15,323,"4.64%",4.64396284829721,42,0,0,4,3,37,0,1
"unnko","unnko","7-12-2022 9:34:11",1670405651,41397175,"59KY89D1G","NSMBU",3,"Overworld",0,"Expert",2,"None"," None",0,0,NA,NA,"01:26.716",86716,0,4116396131,999,1,10,"10.00%",10,3,0,2,0,1,5,0,0
"5-E plateau du prelude","Il est l'heure de sauver Zelda","3-3-2022 17:14:55",1646327695,36358139,"2SBVJRN4G","SMB1",0,"Forest",9,"Expert",2,"Themed"," Link",8,15,NA,NA,"05:21.979",321979,1,0,0,14,70,"20.00%",20,34,3,26,5,1,60,0,0
"firebar castle","","6-6-2024 19:08:16",1717700896,50781703,"2PJVMSWFG","SMW",2,"Castle",2,"Expert",2,"None"," None",0,0,NA,NA,"01:58.705",118705,2,0,0,8,97,"8.25%",8.24742268041237,24,0,1,4,1,24,0,0
"Fortaleza de Pum Pum 2-4","","25-3-2024 15:22:39",1711380159,49770079,"7NVBY2KDF","SM3DW",4,"Desert",7,"Expert",2,"Standard"," Technical",1,11,NA,NA,"01:39.455",99455,1,0,0,3,56,"5.36%",5.35714285714286,14,0,2,2,0,15,0,1
"「「「","","26-7-2023 9:43:10",1690364590,45822850,"PF6JF68BG","SMB1",0,"Forest",9,"Expert",2,"Standard"," Puzzle solving",1,2,NA,NA,"01:28.725",88725,0,1221661152,1,2,41,"4.88%",4.8780487804878,8,0,2,0,0,10,0,0
"初めてのスピードラン","お兄ちゃんと一緒につくりました時間設定はしませんでした","27-5-2020 9:47:31",1590572851,19940457,"FCYVBK2NF","NSMBU",3,"Overworld",0,"Super expert",3,"Speedrun"," Speedrun",3,3,"00:40.199",40199,"01:01.549",61549,0,0,0,2,61,"3.28%",3.27868852459016,9,0,0,0,1,9,NA,NA
"Buried Paradise","SMW platforming level with 1 checkpoint :-)","23-5-2021 0:43:26",1621730606,30424141,"7CH5P8CLG","SMW",2,"Underground",1,"Super expert",3,"Technical"," Single player",11,14,"00:36.435",36435,"00:40.176",40176,181,0,0,4325,186746,"2.32%",2.31597999421674,11017,0,1,2436,271,9503,NA,NA
"あぁぁぁぁぁ※～～～～～～～～～～～～～～～～～～～～～～～～～","abml","7-7-2024 8:49:35",1720342175,51188295,"GP7WY49GG","NSMBU",3,"Overworld",0,"Super expert",3,"Standard"," Multiplayer versus",1,7,NA,NA,"01:49.733",109733,0,0,0,0,17,"0.00%",0,3,0,0,0,0,2,NA,NA
"【SPEED RUN】砂漠で取りこぼしたコイン　～90sec～","タイムは長いけどコースは単純なので中級者向けです(^.^)　　　　 過去最高傑作なので是非ともクリアしてください♪","2-5-2024 23:27:48",1714692468,50344664,"QCSKXF0WG","NSMBU",3,"Desert",7,"Super expert",3,"Speedrun"," Single player",3,14,"01:21.033",81033,"01:22.816",82816,59,0,0,326,31767,"1.03%",1.02622218024994,2799,0,1,344,43,1864,NA,NA
"High sky pursuit","Chase ludwigs ship while being hunted by someone...","25-8-2022 4:12:15",1661400735,39899507,"4M6FDKWWF","SMB3",1,"Forest",9,"Super expert",3,"Autoscroll"," Boss battle",4,13,NA,NA,"01:33.683",93683,0,0,0,0,8,"0.00%",0,4,0,0,0,0,4,NA,NA
"Another Adventure","Another adventure in platform land","31-8-2020 17:07:15",1598893635,23513414,"QSD3044FG","SMB3",1,"Overworld",0,"Super expert",3,"Standard"," Single player",1,14,"01:12.541",72541,"01:07.458",67458,11,0,0,52,5805,"0.90%",0.895779500430663,387,0,0,70,15,352,NA,NA
"Gay Bowser's Revenge","In this action-packed sequel, Gay Bowser returns to get revenge on Mario.","26-6-2020 22:34:04",1593210844,21259752,"N6RMTPGMF","NSMBU",3,"Desert",7,"Super expert",3,"Speedrun"," Art",3,10,"00:28.393",28393,"00:29.739",29739,0,0,0,6,536,"1.12%",1.11940298507463,61,0,0,3,0,59,NA,NA
"Powlatforming Castle","A short course with some platforming","17-11-2020 11:26:11",1605612371,25171621,"LYBLNRXJF","SMB1",0,"Castle",2,"Super expert",3,"Single player"," Link",14,15,"00:53.962",53962,"01:00.018",60018,21,0,0,53,3469,"1.53%",1.52781781493226,355,1,1,63,20,326,NA,NA
"Strawberry Pi","Always tie your shoes when you ride bikes!","23-10-2019 20:52:16",1571863936,11255850,"8RQ2NKCPF","SMB3",1,"Overworld",0,"Super expert",3,"Speedrun"," Speedrun",3,3,"00:15.454",15454,"00:16.779",16779,1,4116396131,314,6,464,"1.29%",1.29310344827586,80,0,0,6,1,74,NA,NA
"Jump King Mario Style (Medium)","Here is my own version of Jump King, but built into m Mario Maker. Enjoy>;)","30-6-2019 1:58:42",1561859922,3516937,"M4QPHJFHG","NSMBU",3,"Desert",7,"Super expert",3,"Speedrun"," Themed",3,8,"01:28.433",88433,"02:07.072",127072,1,0,0,1,98,"1.02%",1.02040816326531,16,0,38,2,0,46,NA,NA
"wald level lalaūūūūūū","ein wald level und schloss level   für huibi und dääääääääävid","28-1-2024 10:51:22",1706439082,48889343,"G828LHR7G","NSMBU",3,"Forest",9,"Super expert",3,"Standard"," Single player",1,14,NA,NA,"01:06.401",66401,0,0,0,0,34,"0.00%",0,6,0,0,0,0,6,NA,NA
"ちょい難スピードラン改","","28-10-2023 6:03:26",1698473006,47409414,"RTNN180FG","NSMBU",3,"Overworld",0,"Super expert",3,"Technical"," Single player",11,14,NA,NA,"00:08.867",8867,0,0,0,0,1,"0.00%",0,1,0,0,0,0,1,NA,NA
"Abandoned mansion","You are trapped inside an old mansion at night, can you escape?","28-7-2019 14:43:50",1564325030,7060007,"NRDCP61MF","SMB3",1,"Ghost house",5,"Super expert",3,"Puzzle solving"," Themed",2,8,"03:27.427",207427,"04:39.694",279694,1,0,0,3,210,"1.43%",1.42857142857143,51,0,5,6,0,53,NA,NA
"1%ねらう","さいしょにきおつけて","23-2-2024 10:15:05",1708683305,49297475,"PF3L3LHBG","NSMBU",3,"Overworld",0,"Super expert",3,"Themed"," Technical",8,11,"00:25.518",25518,"00:42.406",42406,0,0,0,1,69,"1.45%",1.44927536231884,6,0,0,0,0,6,NA,NA
"Upthrow bonk x10 / 트라이앵글 10회","연습 3번","27-11-2023 10:41:38",1701081698,47851136,"C3D41JM8G","SMW",2,"Forest",9,"Super expert",3,"Technical"," Single player",11,14,"00:22.950",22950,"00:25.343",25343,0,4116396131,10,9,1942,"0.46%",0.463439752832132,131,0,0,11,3,80,NA,NA
"Cat's Trampolines v1.1","I might re-upload this level with more content. Is this level hard? Well...","27-1-2021 21:09:26",1611781766,27186653,"R15MD0L1H","SM3DW",4,"Sky",8,"Super expert",3,"Short and sweet"," Single player",6,14,"00:45.066",45066,"00:26.983",26983,5,2111528319,0,3,544,"0.55%",0.551470588235294,77,0,23,7,7,84,NA,NA
"あいだ抜けチャレンジ4","","3-11-2022 2:01:59",1667440919,40931016,"38TMTSDGG","NSMBU",3,"Sky",8,"Super expert",3,"Music"," Link",9,15,"00:01.377",1377,"00:02.546",2546,2,0,0,24,1540,"1.56%",1.55844155844156,130,1,0,11,5,113,NA,NA
"隠しブロックがあるからゴールできないけど、カメックが・・・","運でゴールできる。","18-6-2023 8:30:56",1687077056,45084156,"6GNTYJP5G","SMB3",1,"Overworld",0,"Super expert",3,"Short and sweet"," Single player",6,14,"00:28.146",28146,"01:13.401",73401,7,0,0,13,849,"1.53%",1.53121319199058,106,2,2,13,5,105,NA,NA
"Habilidad:)","Disfrutalo;3","24-11-2019 23:34:05",1574638445,11976305,"36WL9JMVF","NSMBU",3,"Overworld",0,"Super expert",3,"Standard"," Standard",1,1,"00:27.279",27279,"01:02.624",62624,1,0,0,8,1312,"0.61%",0.609756097560976,72,0,0,5,2,62,NA,NA
"jumpers jump","have fun guys ","8-5-2021 1:07:04",1620436024,30082013,"NDGSVKG1H","SMB3",1,"Forest",9,"Super expert",3,"Standard"," Technical",1,11,"01:28.883",88883,"02:46.322",166322,1,0,0,3,96,"3.12%",3.125,23,0,2,2,4,23,NA,NA
"Vexing Pipes v1.4","THE BOOS DO NOT ACCEPT MONTY MOLE.","11-7-2024 2:57:04",1720666624,51237354,"0JVL0MGPF","SMB3",1,"Ghost house",5,"Super expert",3,"Puzzle solving"," Boss battle",2,13,"11:39.481",699481,"05:54.032",354032,1,0,0,1,117,"0.85%",0.854700854700855,25,0,0,2,3,23,NA,NA
"一発クリア 3","","22-1-2023 11:00:47",1674385247,42258953,"VH7T5XCHG","NSMBU",3,"Airship",3,"Super expert",3,"Short and sweet"," Single player",6,14,"00:09.966",9966,"00:09.966",9966,2,0,0,1,126,"0.79%",0.793650793650794,24,0,0,1,0,23,NA,NA
"TroLL【16#】cat～!Panic!?、青猫の館(コラボ)","トロールコース(16)、難易度★4.5、コースの長さは普通。血石の青猫さんとの奇跡のコラボトロール！。二人のギミックが混ざり合いミラクルが生まれる！","12-2-2024 13:14:29",1707743669,49133174,"8T2Y5MW0G","SMW",2,"Desert",7,"Super expert",3,"Puzzle solving"," Themed",2,8,"02:40.383",160383,"03:29.416",209416,8,0,0,13,2548,"0.51%",0.510204081632653,133,1,0,19,3,110,NA,NA
"いろいろ尋常じゃないコース","大変","15-4-2023 6:58:35",1681541915,43794022,"3Y6GMV9LF","SMW",2,"Overworld",0,"Super expert",3,"Standard"," Technical",1,11,NA,NA,"00:26.200",26200,0,0,0,0,23,"0.00%",0,7,0,0,0,0,7,NA,NA
"むずい","激難","4-8-2024 3:22:40",1722741760,51630868,"FNF02PYRG","NSMBU",3,"Castle",2,"Super expert",3,"Shooter"," Boss battle",12,13,NA,NA,"04:12.466",252466,0,1268255615,1,0,5,"0.00%",0,2,0,0,0,0,2,NA,NA
"pow speed run / 30sec","the timer is NOT a problem ","10-7-2019 22:17:05",1562797025,5169252,"NG1NPDSJF","SM3DW",4,"Snow",6,"Super expert",3,"Speedrun"," Short and sweet",3,6,"00:23.240",23240,"00:23.666",23666,0,0,0,5,358,"1.40%",1.39664804469274,80,0,1,5,1,79,NA,NA
"結構ムズい心おれるな","ゆきだまいれるーパックン倒すーいろいろ踏むー？？？？","30-11-2020 21:52:13",1606773133,25456179,"Q1YP704XF","NSMBU",3,"Snow",6,"Super expert",3,"Technical"," Single player",11,14,"00:32.549",32549,"00:33.205",33205,0,0,0,1,41,"2.44%",2.4390243902439,14,0,2,0,0,13,NA,NA
"Hollow Knight","1-2","7-11-2021 20:33:38",1636317218,33948578,"SQRSJSVGF","SMW",2,"Underground",1,"Super expert",3,"Technical"," Single player",11,14,"02:17.993",137993,"01:13.211",73211,0,0,0,21,6541,"0.32%",0.321051826937777,185,0,0,28,4,148,NA,NA
"Coin Master","Try to get all the key coins by completing all the mini games!","9-9-2020 17:52:54",1599673974,23748812,"DFKPRW1LG","SMW",2,"Ghost house",5,"Super expert",3,"Puzzle solving"," Single player",2,14,"03:06.298",186298,"03:52.483",232483,0,0,0,1,316,"0.32%",0.316455696202532,64,0,12,6,6,70,NA,NA
"Ghost House (Down South!)","Escape from the notably small haunted mansion.","21-7-2019 16:54:01",1563728041,6360957,"4TWQ8ST5G","SMB3",1,"Ghost house",5,"Super expert",3,"Standard"," Themed",1,8,"01:22.790",82790,"01:52.511",112511,0,0,0,2,209,"0.96%",0.956937799043062,72,1,9,4,1,81,NA,NA
"Short kaizo light lvl part 2","Red coins!","18-1-2020 15:29:23",1579361363,13794164,"HHC32PSXF","SMW",2,"Overworld",0,"Super expert",3,"Standard"," Short and sweet",1,6,"00:24.700",24700,"00:29.616",29616,0,0,0,7,365,"1.92%",1.91780821917808,76,3,0,8,5,74,NA,NA
"ドドドドドドドドドッド～～～ラえもん♪(ドッスン)","星野源。スピンジャンプでドッスンの上を行こう","9-10-2019 0:06:15",1570579575,10807409,"B6T233JVF","SMW",2,"Castle",2,"Super expert",3,"Standard"," Standard",1,1,"04:49.020",289020,"01:58.500",118500,0,0,0,1,143,"0.70%",0.699300699300699,8,0,0,0,1,6,NA,NA
"Blazing forest [30s]","SMM2 3rd Anniversary!    　　　　　　　　　　　　　　　　　自己満足連打コースになってしまった","2-7-2022 14:25:26",1656771926,38784646,"JXKBNDKFG","SMB3",1,"Forest",9,"Super expert",3,"Technical"," Single player",11,14,NA,NA,"00:26.420",26420,0,4116396131,111,0,666,"0.00%",0,65,0,0,10,5,59,NA,NA
"pocky jump","jump over pockys","27-5-2023 19:57:37",1685217457,44682037,"4R5F2XWYF","SMB1",0,"Underground",1,"Super expert",3,"Speedrun"," Single player",3,14,"01:11.464",71464,"01:04.369",64369,0,0,0,6,758,"0.79%",0.79155672823219,57,0,0,6,2,53,NA,NA
"Night of the Rotten Mushrooms.","They are coming for you! Nowhere is safe!","9-7-2019 0:37:11",1562632631,4955614,"2PCC8K72H","SMB3",1,"Overworld",0,"Super expert",3,"Multiplayer versus"," Multiplayer versus",7,7,"01:00.651",60651,"00:51.953",51953,3,0,0,3,286,"1.05%",1.04895104895105,44,0,0,2,0,38,NA,NA
"on/off bounce","its not that difficult","1-10-2019 19:00:42",1569956442,10588901,"4R7D1HYJF","SMW",2,"Overworld",0,"Super expert",3,"Short and sweet"," Themed",6,8,"03:39.504",219504,"01:26.833",86833,0,0,0,6,186,"3.23%",3.2258064516129,18,0,26,3,2,28,NA,NA
"common speed run (40ses)","speedrun is funny","23-6-2020 3:39:35",1592883575,21126449,"LHLD06GVF","NSMBU",3,"Underground",1,"Super expert",3,"Speedrun"," Single player",3,14,"00:34.819",34819,"00:37.294",37294,0,0,0,1,282,"0.35%",0.354609929078014,22,0,0,1,1,18,NA,NA
"Xian★Yu生日快乐！！！！","Xian★Yu为了提升自己开始了大冒险(通过表世界的试炼，打倒boss为正常结局，除此之外还有偷鸡结局和拿齐红币的强者结局)最后祝阿错生日快乐！！！！","14-12-2023 10:51:13",1702551073,48058134,"5QFM982VG","NSMBU",3,"Underground",1,"Super expert",3,"None"," None",0,0,"00:30.466",30466,"00:37.166",37166,0,0,0,12,653,"1.84%",1.83767228177642,52,0,1,5,2,40,NA,NA
"parkour 2.0 run cute cut 1.2","parkour 2 parte","15-8-2020 6:00:31",1597471231,23002139,"TNFK2Q00H","SMB1",0,"Overworld",0,"Super expert",3,"Speedrun"," Single player",3,14,"05:34.240",334240,"00:39.056",39056,0,0,0,1,145,"0.69%",0.689655172413793,11,0,0,1,1,8,NA,NA
"Speedrun 2.0 by Tops_01","Ich hoffe euch gefällt mein 2. Speedrun.","13-7-2019 9:48:40",1563011320,5446883,"PGYV73JHF","NSMBU",3,"Sky",8,"Super expert",3,"Speedrun"," Short and sweet",3,6,"00:45.239",45239,"00:52.649",52649,0,0,0,10,1000,"1.00%",1,67,0,0,3,2,54,NA,NA
"むり","","8-5-2024 10:04:26",1715162666,50424995,"BRR0LHDHF","NSMBU",3,"Underground",1,"Super expert",3,"None"," None",0,0,NA,NA,"00:32.771",32771,0,375673178,0,0,57,"0.00%",0,6,0,1,0,1,7,NA,NA
"Speedrun a little troll for Zeta","Si no das superado el nivel, intentalo como en el super experto.","8-9-2021 21:03:23",1631135003,32915100,"PPFF4MF0H","NSMBU",3,"Forest",9,"Super expert",3,"Short and sweet"," Single player",6,14,"00:09.531",9531,"00:09.474",9474,2,0,0,2,364,"0.55%",0.549450549450549,46,0,0,3,0,42,NA,NA
"騙しコース","騙しコースです","25-2-2022 11:37:52",1645789072,36218392,"4RF67FCWG","NSMBU",3,"Sky",8,"Super expert",3,"Themed"," Technical",8,11,"00:26.561",26561,"00:35.134",35134,0,0,0,1,186,"0.54%",0.537634408602151,15,0,0,1,1,15,NA,NA
"Gap Jump I'll Assume is Possibe","Too hard? Block clipping is provided if you aren't getting enough speed.","11-7-2021 19:12:44",1626030764,31505726,"LV85X1K6G","NSMBU",3,"Sky",8,"Super expert",3,"Themed"," Technical",8,11,"01:49.360",109360,"00:58.362",58362,0,0,0,2,400,"0.50%",0.5,58,0,0,5,1,52,NA,NA
"チョットムズカシイカナ？","無理ですね","1-4-2023 23:20:02",1680391202,43481032,"1DG67CRGG","NSMBU",3,"Snow",6,"Super expert",3,"Speedrun"," Single player",3,14,"00:39.844",39844,"01:06.298",66298,5,0,0,2,314,"0.64%",0.636942675159236,50,0,0,8,3,46,NA,NA
"Flossnelus Shell Jump #TS","The epic VR is only 20 Shell Jumps away!","29-3-2020 22:03:44",1585519424,16165677,"7JSQ35HRF","SMW",2,"Sky",8,"Super expert",3,"Themed"," Technical",8,11,"00:39.150",39150,"00:42.033",42033,1,137525990,0,19,4792,"0.40%",0.396494156928214,172,0,0,19,3,128,NA,NA
"ジャンプ禁止！　君ならどうする？","","8-3-2020 3:47:14",1583639234,15338892,"N9YDMJ2LG","SMW",2,"Overworld",0,"Super expert",3,"Standard"," Themed",1,8,"01:20.150",80150,"02:01.050",121050,2,137525990,0,11,707,"1.56%",1.55586987270156,139,0,22,15,8,143,NA,NA
"Sky Thrills","","6-7-2019 5:41:33",1562391693,4547067,"JV8V4XF4G","NSMBU",3,"Sky",8,"Super expert",3,"Puzzle solving"," Music",2,9,"01:35.651",95651,"01:40.355",100355,1,0,0,4,421,"0.95%",0.950118764845606,44,0,0,4,2,37,NA,NA
"Switch 'N' Coins","","5-7-2019 21:15:26",1562361326,4490918,"2YM3KDWKF","SMB1",0,"Forest",9,"Super expert",3,"Speedrun"," Short and sweet",3,6,"00:29.751",29751,"00:29.768",29768,406,0,0,7349,344954,"2.13%",2.1304289847342,16144,6,3,3569,303,13361,NA,NA
"矢印の方向に進め","","13-8-2023 7:41:30",1691912490,46212945,"X0VS6WJPG","NSMBU",3,"Snow",6,"Super expert",3,"Puzzle solving"," Speedrun",2,3,"00:13.237",13237,"00:14.467",14467,0,3342591980,0,1,178,"0.56%",0.561797752808989,29,0,0,1,0,27,NA,NA
